DoctorID,Name,Contact,Email,DepartmentID,Department
E0001,Grace Chen,78901234, grace.chen@abchospital.com,D0005,Pediatrics
E0002,Henry Adams,75678901, henry.adams@abchospital.com,D0002,Intensive Care Unit
E0003,Maya Patel,44567890, maya.patel@abchospital.com,D0008,Surgery
E0004,Sean Underwood,84345678, sean.underwood@abchospital.com,D0001,Emergency
E0005,Amy Bryant,72123456, amy.bryant@abchospital.com,D0009,Neurology
E0006,Xena Zane,49890123, xena.zane@abchospital.com,D0004,Cardiology
E0007,Jack Turner,11234567, jack.turner@abchospital.com,D0004,Cardiology
E0008,Derek Hall,31234567, derek.hall@abchospital.com,D0007,Obstetrics and Gynecology
E0009,Isla White,86789012, isla.white@abchospital.com,D0010,Oncology
E0010,Noah Brooks,55678901, noah.brooks@abchospital.com,D0006,Orthopedics
E0011,Kelly Watson,10901234, kelly.watson@abchospital.com,D0001,Emergency
E0012 ,Ryan Scott,69890123, ryan.scott@abchospital.com,D0009,Neurology
E0013 ,Paula White,65456789, paula.white@abchospital.com,D0003,Radiology
E0014 ,Yusuf Khan,64345678, yusuf.khan@abchospital.com,D0006,Orthopedics
E0015,Tina Bell,19890123, tina.bell@abchospital.com,D0004,Cardiology
E0016,Omar Karim,54345678, omar.karim@abchospital.com,D0009,Neurology
E0017,Chloe King,20123456, chloe.king@abchospital.com,D0009,Neurology
E0018,Mason Ortiz,28789012, mason.ortiz@abchospital.com,D0007,Obstetrics and Gynecology
E0019,Olivia Green,66789012, olivia.green@abchospital.com,D0005,Pediatrics
E0020,Faisal Malik,67890123, faisal.malik@abchospital.com,D0010,Oncology
E0021,Betty Brooks,97678901, betty.brooks@abchospital.com,D0009,Neurology
E0022,Liam O'Connor,33456789, liam.oconnor@abchospital.com,D0005,Pediatrics
E0023,Dana Fisher,29890123, dana.fisher@abchospital.com,D0007,Obstetrics and Gynecology
E0024,Jason Kelly,71012345, jason.kelly@abchospital.com,D0002,Intensive Care Unit
E0025,Ella Brown,42345678, ella.brown@abchospital.com,D0003,Radiology
E0026,Tara Morgan,21234567, tara.morgan@abchospital.com,D0008,Surgery
E0027,Victor Wells,13234567, victor.wells@abchospital.com,D0004,Cardiology
E0028,Ximena Ruiz,53234567, ximena.ruiz@abchospital.com,D0001,Emergency
E0029,George Ingram,52123456, george.ingram@abchospital.com,D0010,Oncology
E0030,Nora Parker,39890123, nora.parker@abchospital.com,D0006,Orthopedics
E0031,Quincy Jones,76567890, quincy.jones@abchospital.com,D0006,Orthopedics
E0032,Dylan Edwards,15456789, dylan.edwards@abchospital.com,D0004,Cardiology
E0033,Alan Baker,86567890, alan.baker@abchospital.com,D0001,Emergency
E0034,Rita Singh,87678901, rita.singh@abchospital.com,D0007,Obstetrics and Gynecology
E0035,Peter Zhao,77890123, peter.zhao@abchospital.com,D0003,Radiology
E0036,Wanda Xu,24345678, wanda.xu@abchospital.com,D0009,Neurology
E0037,Ben Carlson,83234567, ben.carlson@abchospital.com,D0007,Obstetrics and Gynecology
E0038,Megan Norris,14345678, megan.norris@abchospital.com,D0004,Cardiology
E0039,Hassan Ali,89012345, hassan.ali@abchospital.com,D0005,Pediatrics
E0040,Jill Larson,85456789, jill.larson@abchospital.com,D0010,Oncology
E0041,William Scott,54567890, william.scott@abchospital.com,D0001,Emergency
E0042,Quinn Foster,88901234, quinn.foster@abchospital.com,D0002,Intensive Care Unit
E0043,Lila Nelson,17678901, lila.nelson@abchospital.com,D0008,Surgery
E0044,Holly James,63234567, holly.james@abchospital.com,D0004,Cardiology
E0045,Usha Verma,92123456, usha.verma@abchospital.com,D0009,Neurology
E0046,Zara Ahmed,75456789, zara.ahmed@abchospital.com,D0005,Pediatrics
E0047,Mark Evans,32123456, mark.evans@abchospital.com,D0003,Radiology
E0048,Tara Vaughn,95456789, tara.vaughn@abchospital.com,D0007,Obstetrics and Gynecology
E0049,Owen Quinn,40901234, owen.quinn@abchospital.com,D0010,Oncology
E0050,Lana Perez,21012345, lana.perez@abchospital.com,D0006,Orthopedics
E0051,Xander Fox,65678901, xander.fox@abchospital.com,D0007,Obstetrics and Gynecology
E0052,Yara Hassan,76789012, yara.hassan@abchospital.com,D0009,Neurology
E0053,Fiona Hall,41012345, fiona.hall@abchospital.com,D0001,Emergency
E0054,Cheryl Fields,23456789, cheryl.fields@abchospital.com,D0007,Obstetrics and Gynecology
E0055,Victor Stone,87654321, victor.stone@abchospital.com,D0002,Intensive Care Unit
E0056,Natalie Sims,90817263, natalie.sims@abchospital.com,D0002,Intensive Care Unit
E0057,James Reid,81926374, james.reid@abchospital.com,D0004,Cardiology
E0058,Samantha Lowe,72638491, samantha.lowe@abchospital.com,D0005,Pediatrics
E0059,Michael Dunn,91827364, michael.dunn@abchospital.com,D0010,Oncology
E0060,Olivia Grant,83726145, olivia.grant@abchospital.com,D0006,Orthopedics
E0061,Thomas Webb,67584930, thomas.webb@abchospital.com,D0002,Intensive Care Unit
E0062,Rebecca Ford,76482915, rebecca.ford@abchospital.com,D0003,Radiology
E0063,Daniel Cole,28374659, daniel.cole@abchospital.com,D0004,Cardiology
E0064,Emma Fox,92837465, emma.fox@abchospital.com,D0001,Emergency
E0065,Matthew Gray,37465928, matthew.gray@abchospital.com,D0009,Neurology
E0066,Natalie Price,84930276, natalie.price@abchospital.com,D0004,Cardiology
E0067,Anthony Hart,56283947, anthony.hart@abchospital.com,D0005,Pediatrics
E0068,Laura West,67384920, laura.west@abchospital.com,D0007,Obstetrics and Gynecology
E0069,Patrick Stone,73629184, patrick.stone@abchospital.com,D0010,Oncology
E0070,Jessica Miles,82637459, jessica.miles@abchospital.com,D0006,Orthopedics
E0071,Benjamin Clark,29384756, benjamin.clark@abchospital.com,D0003,Radiology
E0072,Caroline Reed,81726394, caroline.reed@abchospital.com,D0009,Neurology
E0073,Alexander Young,64573829, alexander.young@abchospital.com,D0005,Pediatrics
E0074,Isabella Brooks,73829164, isabella.brooks@abchospital.com,D0001,Emergency
E0075,Ryan Martin,23512311, ryan.martin@abchospital.com,D0007,Obstetrics and Gynecology
E0076,Megan Carter,12412411, megan.carter@abchospital.com,D0004,Cardiology
E0077,John Fisher,12312323, john.fisher@abchospital.com,D0002,Intensive Care Unit
E0078,Sophia Murphy,25123134, sophia.murphy@abchospital.com,D0008,Surgery
E0079,Kyle Bennett,97235619, kyle.bennett@abchospital.com,D0010,Oncology
E0080,Emma Parker,45358235, emma.parker@abchospital.com,D0006,Orthopedics
E0081,Joseph Diaz,98572415, joseph.diaz@abchospital.com,D0004,Cardiology
E0082,Anna Murphy,13512312, anna.murphy@abchospital.com,D0003,Radiology
E0083,Ethan Bennett,21314112, ethan.bennett@abchospital.com,D0007,Obstetrics and Gynecology
E0084,Victoria Lee,24666442, victoria.lee@abchospital.com,D0001,Emmergency
E0085,Brandon Cruz,45262343, brandon.cruz@abchospital.com,D0005,Pediatrics
E0086,Sophie Adams,23526624, sophie.adams@abchospital.com,D0008,Surgery
E0087,Nathan Cooper,34523141, nathan.cooper@abchospital.com,D0009,Neurology
E0088,Emily Turner,12151773, emily.turner@abchospital.com,D0002,Intensive Care Unit
E0089,Aaron Gray,32523455, aaron.gray@abchospital.com,D0010,Oncology
E0090,Molly Hughes,83169985, molly.hughes@abchospital.com,D0006,Orthopedics
E0091,Logan Ross,85764758, logan.ross@abchospital.com,D0005,Pediatrics
E0092,Claire Bennett,39577139, claire.bennett@abchospital.com,D0001,Emergency
E0093,Zachary Diaz,89677133, zachary.diaz@abchospital.com,D0008,Surgery
E0094,Kayla Ward,96890431, kayla.ward@abchospital.com,D0004,Cardiology
E0095,Joshua Price,85769304, joshua.price@abchospital.com,D0007,Obstetrics and Gynecology
E0096,Nina Turner,58273769, nina.turner@abchospital.com,D0004,Cardiology
E0097,Eric Hughes,12358576, eric.hughes@abchospital.com,D0009,Neurology
E0098,Lily Adams,29576793, lily.adams@abchospital.com,D0005,Pediatrics
E0099,Christopher Reed,31956390, christopher.reed@abchospital.com,D0010,Oncology
E0100,Daniel Jenson,23375141,daniel.jenson@abchospital.com,D0004,Cardiology
